first_name,last_name,parent_id
Goober,Ayo,0
Paten,Bamidele,1
Sarina,Olamide,2
Dasya,Akuchi,3
Merilyn,Idowu,4
Tate,Ndidi,5
Bernelle,Chidiebube,6
Lorianna,Ayotunde,7
Jennie,Chidiebere,8
Ange,Kelechi,9
Ronna,Opeyemi,10
Ambrosio,Dayo,11
Xavier,Chikere,12
Mable,Chikelu,13
Jeffery,Chisom,14
Tiphany,Oluwatoyin,15
Bevvy,Adebowale,16
Rikki,Chiemeka,17
Swen,Adeola,18
Lethia,Adisa,19
Guy,Olusola,20
Glyn,Chidiebele,21
Mayor,Ekundayo,22
Roseline,Chijindum,23
Rosita,Chizoba,24
Moses,Abioye,25
Antoine,Taiwo,26
Adorne,Chidi,27
Kara,Ekene,28
Dorie,Uchenna,29
Margarette,Adedayo,30
Cindie,Kehinde,31
Lesya,Chidubem,32
Sansone,Kyauta,33
Janella,Alaba,34
Winfred,Ife,35
Mylo,Toyin,36
Tally,Uzochi,37
Joelle,Abimbola,38
Kit,Olayinka,39
Alex,Ayomide,40
Hymie,Dada,41
Shantee,Chigozie,42
Carlota,Uche,43
Lou,Onyekachi,44
Arline,Temitope,45
Cristen,Fumnanya,46
Kelwin,Ayodele,47
Zitella,Obi,48
Jasmine,Abiodun,49
Tracey,Uzoma,50
Tove,Abiola,51
Lesley,Akachi,52
Daryle,Eniola,53
Timothy,Adebola,54
Richardo,Chinwendu,55
Erl,Chima,56
Archibold,Abidemi,57
Newton,Chibuzo,58
Nerita,Chinonso,59
Angelia,Oluwaseun,60
Ilyssa,Ekenedilichukwu,61
Wilie,Tochukwu,62
Margie,Adetokunbo,63
Lenore,Oni,64
Agnola,Ogochukwu,65
Magnus,Onyekachukwu,66
Bobinette,Ige,67
Nickey,Folami,68
Barbie,Onyeka,69
Averell,Chimezie,70
Bernhard,Oluwaseyi,71
Jules,Yalwa,72
Megan,Enitan,73
Lucie,Ayo,74
Desmond,Bamidele,75
Dierdre,Olamide,76
Deina,Akuchi,77
Tara,Idowu,78
Riva,Ndidi,79
Fernanda,Chidiebube,80
Terencio,Idowu,81
Freda,Ayotunde,82
Maryanna,Chidiebere,83
Ibby,Kelechi,84
Legra,Opeyemi,85
Mauritz,Ndidi,86
Stewart,Kelechi,87
Eloisa,Dayo,88
Creighton,Chikere,89
Maxim,Chikelu,90
Mabel,Chisom,91
Joellyn,Oluwatoyin,92
Timmi,Olamide,93
Noelle,Adebowale,94
Benjie,Chiemeka,95
Eric,Adeola,96
Vinnie,Adisa,97
Shaine,Olusola,98
Brett,Chiemeka,99
Olva,Chidiebele,100
Fannie,Chidiebele,101
Jean,Ekundayo,102
Waylan,Chijindum,103
Marglerite,Ayotunde,104
Seth,Chizoba,105
Mallory,Kelechi,106
Riannon,Abioye,107
Joann,Taiwo,108
Ginny,Chidi,109
Genvieve,Ekene,110
Alton,Uchenna,111
Claudette,Adedayo,112
Wilden,Kehinde,113
Erek,Chidubem,114
Aleck,Kyauta,115
Thorvald,Kyauta,116
Noam,Alaba,117
Rabi,Ife,118
Tillie,Ekene,119
Siegfried,Kehinde,120
Piper,Kehinde,121
Claribel,Ekundayo,122
Sven,Ayotunde,123
Blake,Toyin,124
Juliann,Uzochi,125
Britt,Chikere,126
Edita,Abimbola,127
Lila,Olayinka,128
Nolan,Chidiebele,129
Lilias,Chidiebube,130
Shana,Ayomide,131
Ignazio,Taiwo,132
Lori,Abioye,133
Vilhelm,Dada,134
Kaia,Chigozie,135
Henry,Ayomide,136
Margy,Uche,137
Emmet,Uzochi,138
Lorianne,Adebowale,139
Elane,Onyekachi,140
Rhodia,Uzochi,141
Feliza,Onyekachi,142
Rodd,Chidiebere,143
Micheal,Opeyemi,144
Kelcey,Temitope,145
Allen,Chiemeka,146
Idelle,Fumnanya,147
Felicia,Ayodele,148
Aprilette,Obi,149
Romy,Ayodele,150
Gerard,Chidubem,151
Berny,Abimbola,152
Jeane,Chidiebube,153
Laure,Abiodun,154
Ebenezer,Uzoma,155
Zary,Chikere,156
Evie,Onyekachi,157
Michelina,Idowu,158
Mommy,Abimbola,159
Cortese,Olamide,160
Chiquita,Abiola,161
Mel,Ekene,162
Inesita,Obi,163
Lorene,Kyauta,164
Thaine,Akachi,165
Caressa,Eniola,166
Sabina,Adedayo,167
Fayth,Chidubem,168
Julissa,Adisa,169
Ramona,Temitope,170
Marie-Jeanne,Dayo,171
Natalya,Adebola,172
Dorthea,Chinwendu,173
Jayne,Kelechi,174
Jackqueline,Abioye,175
Benjamin,Abiodun,176
Owen,Chinwendu,177
Sharon,Ekundayo,178
Maurine,Ayotunde,179
Ravil,Obi,180
Mead,Abimbola,181
Alicea,Chijindum,182
Daphene,Chizoba,183
Wat,Adedayo,184
Renaldo,Chima,185
Sharona,Abioye,186
Antoinette,Ayotunde,187
Waring,Chidiebere,188
Kally,Temitope,189
Tito,Chinwendu,190
Kata,Chiemeka,191
Philippine,Toyin,192
Hayden,Abidemi,193
Lona,Chizoba,194
Ardys,Adebola,195
Jerrylee,Chibuzo,196
Missy,Ife,197
Pandora,Olamide,198
Richard,Chima,199
Cletus,Chinonso,200
Terri,Olamide,201
Elisabet,Ayotunde,202
Dixie,Oluwatoyin,203
Flower,Onyekachi,204
Myrlene,Uzoma,205
Adina,Oluwaseun,206
Nisse,Chinonso,207
Cynthie,Taiwo,208
Kellie,Chiemeka,209
Marylin,Ekenedilichukwu,210
Ofelia,Tochukwu,211
Warner,Chidi,212
Alix,Ndidi,213
Barnard,Temitope,214
Britani,Akuchi,215
Violet,Adetokunbo,216
Tabor,Fumnanya,217
Merril,Obi,218
Ikey,Adisa,219
Mufinella,Chizoba,220
Braden,Ayotunde,221
Kerry,Kyauta,222
Michale,Chidiebere,223
Tressa,Chizoba,224
Aurore,Chiemeka,225
Thedric,Chidiebere,226
Estrellita,Uchenna,227
Kirbie,Chidiebele,228
Rosabelle,Olamide,229
Bobette,Ekene,230
Dulcine,Opeyemi,231
Rakel,Opeyemi,232
Rex,Alaba,233
Marlowe,Olusola,234
Doloritas,Oni,235
Lauren,Akachi,236
Greta,Ogochukwu,237
Natka,Chidiebele,238
Spiro,Taiwo,239
Selia,Uchenna,240
Otes,Abioye,241
Ali,Chiemeka,242
Lorine,Olamide,243
Sibbie,Olamide,244
Sally,Adebola,245
Angus,Onyekachukwu,246
Tiena,Ayotunde,247
Cosette,Kehinde,248
Lela,Bamidele,249
Rogers,Ige,250
Lockwood,Ige,251
Bert,Ayomide,252
Emmye,Bamidele,253
Karel,Ekenedilichukwu,254
Jefferey,Abimbola,255
Jewelle,Tochukwu,256
Nanine,Tochukwu,257
Lorri,Folami,258
Barton,Abimbola,259
Marlane,Abioye,260
Vivie,Chidiebere,261
Hana,Abioye,262
Dorette,Eniola,263
Sullivan,Kelechi,264
Gert,Chinonso,265
Kiri,Chinwendu,266
Barbaraanne,Ekene,267
Gustavus,Olusola,268
Winona,Onyeka,269
Consuelo,Ayomide,270
Alina,Fumnanya,271
Fredrika,Adetokunbo,272
Willy,Ekene,273
Marna,Olamide,274
Melamie,Taiwo,275
Beulah,Adeola,276
James,Olamide,277
Marv,Obi,278
Lurline,Abioye,279
Kaiser,Fumnanya,280
Lanie,Temitope,281
Lissa,Kehinde,282
Vera,Temitope,283
Clair,Adedayo,284
Jarvis,Onyekachukwu,285
Elwyn,Fumnanya,286
Rahel,Ekene,287
Janith,Adebowale,288
Delphinia,Chimezie,289
Bette,Uzoma,290
Worth,Eniola,291
Glenn,Oluwatoyin,292
Jolie,Adebola,293
Lonni,Olusola,294
Rabbi,Oluwaseyi,295
Jobina,Chidi,296
Ariel,Abiodun,297
Tremain,Chiemeka,298
Eveline,Adeola,299
